{
  "piano": {
    "totalKeys": 88,
    "keyRange": "A0-C8",
    "middleC": 40
  },
  "notes": [
    {"key": 1, "note": "A0", "octave": 0, "letter": "A", "frequency": 27.5},
    {"key": 2, "note": "A#0/Bb0", "octave": 0, "letter": "A#", "frequency": 29.14},
    {"key": 3, "note": "B0", "octave": 0, "letter": "B", "frequency": 30.87},
    {"key": 4, "note": "C1", "octave": 1, "letter": "C", "frequency": 32.7},
    {"key": 5, "note": "C#1/Db1", "octave": 1, "letter": "C#", "frequency": 34.65},
    {"key": 6, "note": "D1", "octave": 1, "letter": "D", "frequency": 36.71},
    {"key": 7, "note": "D#1/Eb1", "octave": 1, "letter": "D#", "frequency": 38.89},
    {"key": 8, "note": "E1", "octave": 1, "letter": "E", "frequency": 41.2},
    {"key": 9, "note": "F1", "octave": 1, "letter": "F", "frequency": 43.65},
    {"key": 10, "note": "F#1/Gb1", "octave": 1, "letter": "F#", "frequency": 46.25},
    {"key": 11, "note": "G1", "octave": 1, "letter": "G", "frequency": 49.0},
    {"key": 12, "note": "G#1/Ab1", "octave": 1, "letter": "G#", "frequency": 51.91},
    {"key": 13, "note": "A1", "octave": 1, "letter": "A", "frequency": 55.0},
    {"key": 14, "note": "A#1/Bb1", "octave": 1, "letter": "A#", "frequency": 58.27},
    {"key": 15, "note": "B1", "octave": 1, "letter": "B", "frequency": 61.74},
    {"key": 16, "note": "C2", "octave": 2, "letter": "C", "frequency": 65.41},
    {"key": 17, "note": "C#2/Db2", "octave": 2, "letter": "C#", "frequency": 69.3},
    {"key": 18, "note": "D2", "octave": 2, "letter": "D", "frequency": 73.42},
    {"key": 19, "note": "D#2/Eb2", "octave": 2, "letter": "D#", "frequency": 77.78},
    {"key": 20, "note": "E2", "octave": 2, "letter": "E", "frequency": 82.41},
    {"key": 21, "note": "F2", "octave": 2, "letter": "F", "frequency": 87.31},
    {"key": 22, "note": "F#2/Gb2", "octave": 2, "letter": "F#", "frequency": 92.5},
    {"key": 23, "note": "G2", "octave": 2, "letter": "G", "frequency": 98.0},
    {"key": 24, "note": "G#2/Ab2", "octave": 2, "letter": "G#", "frequency": 103.83},
    {"key": 25, "note": "A2", "octave": 2, "letter": "A", "frequency": 110.0},
    {"key": 26, "note": "A#2/Bb2", "octave": 2, "letter": "A#", "frequency": 116.54},
    {"key": 27, "note": "B2", "octave": 2, "letter": "B", "frequency": 123.47},
    {"key": 28, "note": "C3", "octave": 3, "letter": "C", "frequency": 130.81},
    {"key": 29, "note": "C#3/Db3", "octave": 3, "letter": "C#", "frequency": 138.59},
    {"key": 30, "note": "D3", "octave": 3, "letter": "D", "frequency": 146.83},
    {"key": 31, "note": "D#3/Eb3", "octave": 3, "letter": "D#", "frequency": 155.56},
    {"key": 32, "note": "E3", "octave": 3, "letter": "E", "frequency": 164.81},
    {"key": 33, "note": "F3", "octave": 3, "letter": "F", "frequency": 174.61},
    {"key": 34, "note": "F#3/Gb3", "octave": 3, "letter": "F#", "frequency": 185.0},
    {"key": 35, "note": "G3", "octave": 3, "letter": "G", "frequency": 196.0},
    {"key": 36, "note": "G#3/Ab3", "octave": 3, "letter": "G#", "frequency": 207.65},
    {"key": 37, "note": "A3", "octave": 3, "letter": "A", "frequency": 220.0},
    {"key": 38, "note": "A#3/Bb3", "octave": 3, "letter": "A#", "frequency": 233.08},
    {"key": 39, "note": "B3", "octave": 3, "letter": "B", "frequency": 246.94},
    {"key": 40, "note": "C4", "octave": 4, "letter": "C", "frequency": 261.63, "isMiddleC": true},
    {"key": 41, "note": "C#4/Db4", "octave": 4, "letter": "C#", "frequency": 277.18},
    {"key": 42, "note": "D4", "octave": 4, "letter": "D", "frequency": 293.66},
    {"key": 43, "note": "D#4/Eb4", "octave": 4, "letter": "D#", "frequency": 311.13},
    {"key": 44, "note": "E4", "octave": 4, "letter": "E", "frequency": 329.63},
    {"key": 45, "note": "F4", "octave": 4, "letter": "F", "frequency": 349.23},
    {"key": 46, "note": "F#4/Gb4", "octave": 4, "letter": "F#", "frequency": 369.99},
    {"key": 47, "note": "G4", "octave": 4, "letter": "G", "frequency": 392.0},
    {"key": 48, "note": "G#4/Ab4", "octave": 4, "letter": "G#", "frequency": 415.3},
    {"key": 49, "note": "A4", "octave": 4, "letter": "A", "frequency": 440.0, "isConcertPitch": true},
    {"key": 50, "note": "A#4/Bb4", "octave": 4, "letter": "A#", "frequency": 466.16},
    {"key": 51, "note": "B4", "octave": 4, "letter": "B", "frequency": 493.88},
    {"key": 52, "note": "C5", "octave": 5, "letter": "C", "frequency": 523.25},
    {"key": 53, "note": "C#5/Db5", "octave": 5, "letter": "C#", "frequency": 554.37},
    {"key": 54, "note": "D5", "octave": 5, "letter": "D", "frequency": 587.33},
    {"key": 55, "note": "D#5/Eb5", "octave": 5, "letter": "D#", "frequency": 622.25},
    {"key": 56, "note": "E5", "octave": 5, "letter": "E", "frequency": 659.25},
    {"key": 57, "note": "F5", "octave": 5, "letter": "F", "frequency": 698.46},
    {"key": 58, "note": "F#5/Gb5", "octave": 5, "letter": "F#", "frequency": 739.99},
    {"key": 59, "note": "G5", "octave": 5, "letter": "G", "frequency": 783.99},
    {"key": 60, "note": "G#5/Ab5", "octave": 5, "letter": "G#", "frequency": 830.61},
    {"key": 61, "note": "A5", "octave": 5, "letter": "A", "frequency": 880.0},
    {"key": 62, "note": "A#5/Bb5", "octave": 5, "letter": "A#", "frequency": 932.33},
    {"key": 63, "note": "B5", "octave": 5, "letter": "B", "frequency": 987.77},
    {"key": 64, "note": "C6", "octave": 6, "letter": "C", "frequency": 1046.5},
    {"key": 65, "note": "C#6/Db6", "octave": 6, "letter": "C#", "frequency": 1108.73},
    {"key": 66, "note": "D6", "octave": 6, "letter": "D", "frequency": 1174.66},
    {"key": 67, "note": "D#6/Eb6", "octave": 6, "letter": "D#", "frequency": 1244.51},
    {"key": 68, "note": "E6", "octave": 6, "letter": "E", "frequency": 1318.51},
    {"key": 69, "note": "F6", "octave": 6, "letter": "F", "frequency": 1396.91},
    {"key": 70, "note": "F#6/Gb6", "octave": 6, "letter": "F#", "frequency": 1479.98},
    {"key": 71, "note": "G6", "octave": 6, "letter": "G", "frequency": 1567.98},
    {"key": 72, "note": "G#6/Ab6", "octave": 6, "letter": "G#", "frequency": 1661.22},
    {"key": 73, "note": "A6", "octave": 6, "letter": "A", "frequency": 1760.0},
    {"key": 74, "note": "A#6/Bb6", "octave": 6, "letter": "A#", "frequency": 1864.66},
    {"key": 75, "note": "B6", "octave": 6, "letter": "B", "frequency": 1975.53},
    {"key": 76, "note": "C7", "octave": 7, "letter": "C", "frequency": 2093.0},
    {"key": 77, "note": "C#7/Db7", "octave": 7, "letter": "C#", "frequency": 2217.46},
    {"key": 78, "note": "D7", "octave": 7, "letter": "D", "frequency": 2349.32},
    {"key": 79, "note": "D#7/Eb7", "octave": 7, "letter": "D#", "frequency": 2489.02},
    {"key": 80, "note": "E7", "octave": 7, "letter": "E", "frequency": 2637.02},
    {"key": 81, "note": "F7", "octave": 7, "letter": "F", "frequency": 2793.83},
    {"key": 82, "note": "F#7/Gb7", "octave": 7, "letter": "F#", "frequency": 2959.96},
    {"key": 83, "note": "G7", "octave": 7, "letter": "G", "frequency": 3135.96},
    {"key": 84, "note": "G#7/Ab7", "octave": 7, "letter": "G#", "frequency": 3322.44},
    {"key": 85, "note": "A7", "octave": 7, "letter": "A", "frequency": 3520.0},
    {"key": 86, "note": "A#7/Bb7", "octave": 7, "letter": "A#", "frequency": 3729.31},
    {"key": 87, "note": "B7", "octave": 7, "letter": "B", "frequency": 3951.07},
    {"key": 88, "note": "C8", "octave": 8, "letter": "C", "frequency": 4186.01}
  ],
  "chords": {
    "A_major": {
      "name": "A Major",
      "symbol": "A",
      "notes": ["A", "C#", "E"],
      "intervals": [4, 3],
      "positions": {
        "octave1": [13, 17, 20],
        "octave2": [25, 29, 32],
        "octave3": [37, 41, 44],
        "octave4": [49, 53, 56],
        "octave5": [61, 65, 68],
        "octave6": [73, 77, 80],
        "octave7": [85, 88, 92]
      }
    },
    "B_major": {
      "name": "B Major",
      "symbol": "B",
      "notes": ["B", "D#", "F#"],
      "intervals": [4, 3],
      "positions": {
        "octave0": [3, 7, 10],
        "octave1": [15, 19, 22],
        "octave2": [27, 31, 34],
        "octave3": [39, 43, 46],
        "octave4": [51, 55, 58],
        "octave5": [63, 67, 70],
        "octave6": [75, 79, 82],
        "octave7": [87, 91, 94]
      }
    },
    "C_major": {
      "name": "C Major",
      "symbol": "C",
      "notes": ["C", "E", "G"],
      "intervals": [4, 3],
      "positions": {
        "octave1": [4, 8, 11],
        "octave2": [16, 20, 23],
        "octave3": [28, 32, 35],
        "octave4": [40, 44, 47],
        "octave5": [52, 56, 59],
        "octave6": [64, 68, 71],
        "octave7": [76, 80, 83],
        "octave8": [88, 92, 95]
      }
    },
    "D_major": {
      "name": "D Major",
      "symbol": "D",
      "notes": ["D", "F#", "A"],
      "intervals": [4, 3],
      "positions": {
        "octave1": [6, 10, 13],
        "octave2": [18, 22, 25],
        "octave3": [30, 34, 37],
        "octave4": [42, 46, 49],
        "octave5": [54, 58, 61],
        "octave6": [66, 70, 73],
        "octave7": [78, 82, 85]
      }
    }
  }
}
