[
  {
    "id": 1,
    "slug": "piano-basics-beginners",
    "date": "2024-01-15",
    "image": "/assets/images/articles/piano-basics.jpg",
    "content": {
      "en": {
        "title": "Piano Basics for Beginners",
        "excerpt": "Learn the fundamentals of piano playing, from proper posture to basic finger techniques.",
        "category": "Piano",
        "body": "# Piano Basics for Beginners\n\nLearning to play the piano is an exciting journey that opens up a world of musical possibilities. Whether you're a complete beginner or looking to refresh your skills, understanding the basics is crucial for building a strong foundation.\n\n## Getting Started\n\n### Proper Posture\n- Sit up straight with your back supported\n- Keep your feet flat on the floor\n- Position yourself at the center of the keyboard\n- Maintain relaxed shoulders and arms\n\n### Hand Position\n- Curve your fingers naturally\n- Keep your wrists level with the keyboard\n- Use the tips of your fingers to press keys\n- Maintain a relaxed grip\n\n## Basic Techniques\n\n### Finger Numbers\nPiano technique uses a numbering system for fingers:\n- Thumb: 1\n- Index finger: 2\n- Middle finger: 3\n- Ring finger: 4\n- Pinky: 5\n\n### Scales and Chords\nStart with the C major scale and basic triads. These fundamental building blocks will help you understand music theory and improve your playing.\n\n## Practice Tips\n\n1. **Start Slow**: Begin with simple exercises and gradually increase tempo\n2. **Daily Practice**: Even 15-30 minutes daily is better than long sessions once a week\n3. **Use a Metronome**: Develop consistent timing and rhythm\n4. **Focus on Accuracy**: It's better to play slowly and correctly than fast and sloppy\n\n## Common Beginner Mistakes\n\n- Rushing through pieces\n- Poor posture\n- Neglecting finger exercises\n- Not using a metronome\n- Skipping warm-up exercises\n\nRemember, every pianist started as a beginner. Be patient with yourself and enjoy the learning process!"
      },
      "ru": {
        "title": "Основы игры на пианино для начинающих",
        "excerpt": "Изучите основы игры на пианино, от правильной осанки до базовых техник пальцев.",
        "category": "Пианино",
        "body": "# Основы игры на пианино для начинающих\n\nОбучение игре на пианино — это увлекательное путешествие, которое открывает мир музыкальных возможностей. Независимо от того, являетесь ли вы полным новичком или хотите освежить свои навыки, понимание основ крайне важно для построения прочной основы.\n\n## Начало работы\n\n### Правильная осанка\n- Сидите прямо с поддержкой спины\n- Держите ноги ровно на полу\n- Расположитесь в центре клавиатуры\n- Поддерживайте расслабленные плечи и руки\n\n### Положение рук\n- Естественно согните пальцы\n- Держите запястья на уровне клавиатуры\n- Используйте кончики пальцев для нажатия клавиш\n- Поддерживайте расслабленный хват\n\n## Базовые техники\n\n### Нумерация пальцев\nТехника игры на пианино использует систему нумерации пальцев:\n- Большой палец: 1\n- Указательный палец: 2\n- Средний палец: 3\n- Безымянный палец: 4\n- Мизинец: 5\n\n### Гаммы и аккорды\nНачните с гаммы до мажор и основных трезвучий. Эти фундаментальные строительные блоки помогут вам понять теорию музыки и улучшить игру.\n\n## Советы по практике\n\n1. **Начните медленно**: Начните с простых упражнений и постепенно увеличивайте темп\n2. **Ежедневная практика**: Даже 15-30 минут ежедневно лучше, чем длинные сессии раз в неделю\n3. **Используйте метроном**: Развивайте постоянный темп и ритм\n4. **Фокусируйтесь на точности**: Лучше играть медленно и правильно, чем быстро и небрежно\n\n## Типичные ошибки начинающих\n\n- Спешка в пьесах\n- Плохая осанка\n- Пренебрежение упражнениями для пальцев\n- Неиспользование метронома\n- Пропуск разминки\n\nПомните, каждый пианист начинал как новичок. Будьте терпеливы к себе и наслаждайтесь процессом обучения!"
      },
      "de": {
        "title": "Klavier-Grundlagen für Anfänger",
        "excerpt": "Lernen Sie die Grundlagen des Klavierspiels, von der richtigen Haltung bis zu grundlegenden Fingertechniken.",
        "category": "Klavier",
        "body": "# Klavier-Grundlagen für Anfänger\n\nDas Erlernen des Klavierspiels ist eine aufregende Reise, die eine Welt musikalischer Möglichkeiten eröffnet. Ob Sie ein absoluter Anfänger sind oder Ihre Fähigkeiten auffrischen möchten, das Verständnis der Grundlagen ist entscheidend für den Aufbau einer soliden Grundlage.\n\n## Erste Schritte\n\n### Richtige Haltung\n- Sitzen Sie aufrecht mit gestützten Rücken\n- Halten Sie Ihre Füße flach auf dem Boden\n- Positionieren Sie sich in der Mitte der Tastatur\n- Behalten Sie entspannte Schultern und Arme bei\n\n### Handposition\n- Krümmen Sie Ihre Finger natürlich\n- Halten Sie Ihre Handgelenke auf Tastaturhöhe\n- Verwenden Sie die Fingerspitzen zum Drücken der Tasten\n- Behalten Sie einen entspannten Griff bei\n\n## Grundlegende Techniken\n\n### Fingernummern\nDie Klaviertechnik verwendet ein Nummerierungssystem für Finger:\n- Daumen: 1\n- Zeigefinger: 2\n- Mittelfinger: 3\n- Ringfinger: 4\n- Kleiner Finger: 5\n\n### Tonleitern und Akkorde\nBeginnen Sie mit der C-Dur-Tonleiter und grundlegenden Dreiklängen. Diese fundamentalen Bausteine helfen Ihnen, Musiktheorie zu verstehen und Ihr Spiel zu verbessern.\n\n## Übungstipps\n\n1. **Langsam beginnen**: Beginnen Sie mit einfachen Übungen und steigern Sie allmählich das Tempo\n2. **Tägliche Übung**: Selbst 15-30 Minuten täglich sind besser als lange Sitzungen einmal pro Woche\n3. **Metronom verwenden**: Entwickeln Sie konsistentes Timing und Rhythmus\n4. **Auf Genauigkeit achten**: Es ist besser, langsam und korrekt zu spielen als schnell und schlampig\n\n## Häufige Anfängerfehler\n\n- Eile durch Stücke\n- Schlechte Haltung\n- Vernachlässigung von Fingerübungen\n- Kein Metronom verwenden\n- Aufwärmübungen überspringen\n\nDenken Sie daran, jeder Pianist hat als Anfänger begonnen. Seien Sie geduldig mit sich selbst und genießen Sie den Lernprozess!"
      }
    }
  },
  {
    "id": 2,
    "slug": "understanding-music-theory",
    "date": "2024-01-10",
    "image": "/assets/images/articles/music-theory.jpg",
    "content": {
      "en": {
        "title": "Understanding Music Theory: A Beginner's Guide",
        "excerpt": "Dive into the fundamentals of music theory and discover how it can enhance your musical journey.",
        "category": "Theory",
        "body": "# Understanding Music Theory: A Beginner's Guide\n\nMusic theory is the study of the practices and possibilities of music. While it might seem intimidating at first, understanding music theory can greatly enhance your musical abilities and appreciation.\n\n## What is Music Theory?\n\nMusic theory is a set of rules and guidelines that help us understand how music works. It covers everything from the basic building blocks of music to complex harmonic progressions.\n\n## The Building Blocks of Music\n\n### Notes and Pitches\nMusic is built on 12 different pitches:\n- C, C#, D, D#, E, F, F#, G, G#, A, A#, B\n\n### Scales\nA scale is a series of notes in ascending or descending order. The most common scale is the major scale:\n- C Major: C, D, E, F, G, A, B, C\n\n### Chords\nChords are combinations of three or more notes played together:\n- Major chords sound happy and bright\n- Minor chords sound sad or mysterious\n- Diminished chords sound tense\n\n## Rhythm and Time\n\n### Time Signatures\nTime signatures tell us how many beats are in each measure:\n- 4/4 (common time): 4 beats per measure\n- 3/4 (waltz time): 3 beats per measure\n- 2/4: 2 beats per measure\n\n### Note Values\n- Whole note: 4 beats\n- Half note: 2 beats\n- Quarter note: 1 beat\n- Eighth note: 1/2 beat\n\n## Key Signatures\n\nKey signatures tell us which notes are sharp or flat throughout a piece. They help us understand the tonal center of the music.\n\n## Why Learn Music Theory?\n\n1. **Better Understanding**: Know why certain combinations sound good\n2. **Improved Playing**: Apply theoretical knowledge to your instrument\n3. **Composition**: Create your own music with confidence\n4. **Communication**: Speak the language of music with other musicians\n\n## Getting Started\n\n1. Learn the note names and their positions on your instrument\n2. Practice scales in different keys\n3. Study chord progressions\n4. Analyze your favorite songs\n5. Take lessons or use online resources\n\nRemember, music theory is a tool to enhance your musical experience, not a set of rigid rules!"
      },
      "ru": {
        "title": "Понимание теории музыки: руководство для начинающих",
        "excerpt": "Погрузитесь в основы теории музыки и узнайте, как она может улучшить ваше музыкальное путешествие.",
        "category": "Теория",
        "body": "# Понимание теории музыки: руководство для начинающих\n\nТеория музыки — это изучение практик и возможностей музыки. Хотя поначалу это может показаться пугающим, понимание теории музыки может значительно улучшить ваши музыкальные способности и понимание.\n\n## Что такое теория музыки?\n\nТеория музыки — это набор правил и руководящих принципов, которые помогают нам понять, как работает музыка. Она охватывает все — от основных строительных блоков музыки до сложных гармонических прогрессий.\n\n## Строительные блоки музыки\n\n### Ноты и высоты\nМузыка построена на 12 различных высотах:\n- C, C#, D, D#, E, F, F#, G, G#, A, A#, B\n\n### Гаммы\nГамма — это серия нот в восходящем или нисходящем порядке. Наиболее распространенная гамма — мажорная:\n- До мажор: C, D, E, F, G, A, B, C\n\n### Аккорды\nАккорды — это комбинации трех или более нот, играемых вместе:\n- Мажорные аккорды звучат радостно и ярко\n- Минорные аккорды звучат грустно или загадочно\n- Уменьшенные аккорды звучат напряженно\n\n## Ритм и время\n\n### Размеры\nРазмеры говорят нам, сколько долей в каждом такте:\n- 4/4 (обычное время): 4 доли на такт\n- 3/4 (вальсовое время): 3 доли на такт\n- 2/4: 2 доли на такт\n\n### Длительности нот\n- Целая нота: 4 доли\n- Половина: 2 доли\n- Четверть: 1 доля\n- Восьмая: 1/2 доли\n\n## Ключевые знаки\n\nКлючевые знаки говорят нам, какие ноты диез или бемоль на протяжении всего произведения. Они помогают нам понять тональный центр музыки.\n\n## Зачем изучать теорию музыки?\n\n1. **Лучшее понимание**: Знать, почему определенные комбинации звучат хорошо\n2. **Улучшенная игра**: Применять теоретические знания к своему инструменту\n3. **Композиция**: Создавать собственную музыку с уверенностью\n4. **Общение**: Говорить на языке музыки с другими музыкантами\n\n## Начало работы\n\n1. Изучите названия нот и их позиции на вашем инструменте\n2. Практикуйте гаммы в разных тональностях\n3. Изучайте аккордовые прогрессии\n4. Анализируйте ваши любимые песни\n5. Берете уроки или используйте онлайн-ресурсы\n\nПомните, теория музыки — это инструмент для улучшения вашего музыкального опыта, а не набор жестких правил!"
      },
      "de": {
        "title": "Musiktheorie verstehen: Ein Anfängerleitfaden",
        "excerpt": "Tauchen Sie in die Grundlagen der Musiktheorie ein und entdecken Sie, wie sie Ihre musikalische Reise bereichern kann.",
        "category": "Theorie",
        "body": "# Musiktheorie verstehen: Ein Anfängerleitfaden\n\nMusiktheorie ist das Studium der Praktiken und Möglichkeiten der Musik. Obwohl es zunächst einschüchternd erscheinen mag, kann das Verständnis der Musiktheorie Ihre musikalischen Fähigkeiten und Ihr Verständnis erheblich verbessern.\n\n## Was ist Musiktheorie?\n\nMusiktheorie ist eine Reihe von Regeln und Richtlinien, die uns helfen zu verstehen, wie Musik funktioniert. Sie deckt alles ab, von den grundlegenden Bausteinen der Musik bis zu komplexen harmonischen Progressionen.\n\n## Die Bausteine der Musik\n\n### Noten und Tonhöhen\nMusik basiert auf 12 verschiedenen Tonhöhen:\n- C, C#, D, D#, E, F, F#, G, G#, A, A#, B\n\n### Tonleitern\nEine Tonleiter ist eine Reihe von Noten in aufsteigender oder absteigender Reihenfolge. Die häufigste Tonleiter ist die Dur-Tonleiter:\n- C-Dur: C, D, E, F, G, A, B, C\n\n### Akkorde\nAkkorde sind Kombinationen von drei oder mehr Noten, die zusammen gespielt werden:\n- Dur-Akkorde klingen fröhlich und hell\n- Moll-Akkorde klingen traurig oder geheimnisvoll\n- Verminderte Akkorde klingen angespannt\n\n## Rhythmus und Zeit\n\n### Taktarten\nTaktarten sagen uns, wie viele Schläge in jedem Takt sind:\n- 4/4 (gerader Takt): 4 Schläge pro Takt\n- 3/4 (Walzer): 3 Schläge pro Takt\n- 2/4: 2 Schläge pro Takt\n\n### Notenwerte\n- Ganze Note: 4 Schläge\n- Halbe Note: 2 Schläge\n- Viertelnote: 1 Schlag\n- Achtelnote: 1/2 Schlag\n\n## Vorzeichen\n\nVorzeichen sagen uns, welche Noten durchgehend erhöht oder erniedrigt sind. Sie helfen uns, das tonale Zentrum der Musik zu verstehen.\n\n## Warum Musiktheorie lernen?\n\n1. **Besseres Verständnis**: Wissen, warum bestimmte Kombinationen gut klingen\n2. **Verbessertes Spiel**: Theoretisches Wissen auf Ihr Instrument anwenden\n3. **Komposition**: Eigene Musik mit Vertrauen schaffen\n4. **Kommunikation**: Die Sprache der Musik mit anderen Musikern sprechen\n\n## Erste Schritte\n\n1. Notennamen und ihre Positionen auf Ihrem Instrument lernen\n2. Tonleitern in verschiedenen Tonarten üben\n3. Akkordfolgen studieren\n4. Ihre Lieblingssongs analysieren\n5. Unterricht nehmen oder Online-Ressourcen nutzen\n\nDenken Sie daran, Musiktheorie ist ein Werkzeug zur Verbesserung Ihrer musikalischen Erfahrung, keine starren Regeln!"
      }
    }
  },
  {
    "id": 3,
    "slug": "chord-progressions-guide",
    "date": "2024-01-05",
    "image": "/assets/images/articles/chord-progressions.jpg",
    "content": {
      "en": {
        "title": "Essential Chord Progressions Every Musician Should Know",
        "excerpt": "Master the most important chord progressions used in popular music and jazz.",
        "category": "Theory",
        "body": "# Essential Chord Progressions Every Musician Should Know\n\nChord progressions are the backbone of most music. Understanding common progressions will help you play, compose, and improvise with confidence.\n\n## What Are Chord Progressions?\n\nA chord progression is a series of chords played in sequence. They create the harmonic foundation of a song and often follow established patterns.\n\n## Roman Numeral Analysis\n\nWe use Roman numerals to analyze chord progressions:\n- I = Tonic (home chord)\n- ii = Supertonic\n- iii = Mediant\n- IV = Subdominant\n- V = Dominant\n- vi = Submediant\n- vii° = Leading tone\n\n## Essential Progressions\n\n### 1. I - V - vi - IV (The \"Pop Progression\")\nThis is perhaps the most common progression in popular music:\n- C - G - Am - F (in C major)\n- Used in countless hit songs\n- Creates a satisfying emotional journey\n\n### 2. ii - V - I (Jazz Standard)\nThe foundation of jazz harmony:\n- Dm - G - C (in C major)\n- Creates strong resolution\n- Used extensively in jazz and classical music\n\n### 3. I - vi - IV - V (50s Progression)\nClassic doo-wop sound:\n- C - Am - F - G (in C major)\n- Nostalgic and uplifting\n- Used in many 1950s songs\n\n### 4. vi - IV - I - V (Minor Feel)\nCreates a more emotional sound:\n- Am - F - C - G (in C major)\n- Common in ballads and emotional songs\n\n## Practice Tips\n\n1. **Learn in Multiple Keys**: Practice each progression in different keys\n2. **Use a Metronome**: Develop consistent timing\n3. **Experiment with Voicings**: Try different chord inversions\n4. **Listen Actively**: Identify progressions in your favorite songs\n5. **Improvise**: Use progressions as a foundation for improvisation\n\n## Common Variations\n\n### Substitutions\n- Replace V with V7 for stronger resolution\n- Use ii instead of IV for smoother voice leading\n- Add 7ths to create jazzier sounds\n\n### Extensions\n- Add 9ths, 11ths, and 13ths for richer harmony\n- Use sus chords for modern sounds\n- Experiment with altered dominants\n\n## Application in Different Genres\n\n### Pop Music\n- Heavy use of I - V - vi - IV\n- Simple, memorable progressions\n- Focus on emotional impact\n\n### Jazz\n- Complex progressions with many substitutions\n- ii - V - I as building blocks\n- Extensive use of extensions\n\n### Classical\n- Functional harmony principles\n- Strong use of V - I resolution\n- Modulation between keys\n\n## Building Your Vocabulary\n\nStart with these progressions and gradually add more complex ones:\n1. Master the basics first\n2. Learn to recognize them by ear\n3. Practice in different keys\n4. Experiment with variations\n5. Apply to your own compositions\n\nRemember, chord progressions are tools for expression. Use them creatively to tell your musical story!"
      },
      "ru": {
        "title": "Основные аккордовые прогрессии, которые должен знать каждый музыкант",
        "excerpt": "Освойте самые важные аккордовые прогрессии, используемые в популярной музыке и джазе.",
        "category": "Теория",
        "body": "# Основные аккордовые прогрессии, которые должен знать каждый музыкант\n\nАккордовые прогрессии — это основа большинства музыки. Понимание распространенных прогрессий поможет вам играть, сочинять и импровизировать с уверенностью.\n\n## Что такое аккордовые прогрессии?\n\nАккордовая прогрессия — это серия аккордов, играемых последовательно. Они создают гармоническую основу песни и часто следуют установленным паттернам.\n\n## Анализ римскими цифрами\n\nМы используем римские цифры для анализа аккордовых прогрессий:\n- I = Тонический (домашний аккорд)\n- ii = Супертонический\n- iii = Медиантный\n- IV = Субдоминантный\n- V = Доминантный\n- vi = Субмедиантный\n- vii° = Вводный тон\n\n## Основные прогрессии\n\n### 1. I - V - vi - IV (\"Поп-прогрессия\")\nЭто, пожалуй, самая распространенная прогрессия в популярной музыке:\n- C - G - Am - F (в до мажоре)\n- Используется в бесчисленных хитовых песнях\n- Создает удовлетворительное эмоциональное путешествие\n\n### 2. ii - V - I (Джазовый стандарт)\nОснова джазовой гармонии:\n- Dm - G - C (в до мажоре)\n- Создает сильное разрешение\n- Широко используется в джазе и классической музыке\n\n### 3. I - vi - IV - V (Прогрессия 50-х)\nКлассический звук ду-воп:\n- C - Am - F - G (в до мажоре)\n- Ностальгический и воодушевляющий\n- Используется во многих песнях 1950-х годов\n\n### 4. vi - IV - I - V (Минорное ощущение)\nСоздает более эмоциональный звук:\n- Am - F - C - G (в до мажоре)\n- Распространено в балладах и эмоциональных песнях\n\n## Советы по практике\n\n1. **Изучайте в разных тональностях**: Практикуйте каждую прогрессию в разных тональностях\n2. **Используйте метроном**: Развивайте постоянный темп\n3. **Экспериментируйте с голосоведением**: Попробуйте разные обращения аккордов\n4. **Слушайте активно**: Определяйте прогрессии в ваших любимых песнях\n5. **Импровизируйте**: Используйте прогрессии как основу для импровизации\n\n## Распространенные вариации\n\n### Замены\n- Замените V на V7 для более сильного разрешения\n- Используйте ii вместо IV для более плавного голосоведения\n- Добавляйте септимы для создания джазового звучания\n\n### Расширения\n- Добавляйте ноны, ундецимы и терцдецимы для более богатой гармонии\n- Используйте sus-аккорды для современного звучания\n- Экспериментируйте с альтерированными доминантами\n\n## Применение в разных жанрах\n\n### Поп-музыка\n- Активное использование I - V - vi - IV\n- Простые, запоминающиеся прогрессии\n- Фокус на эмоциональном воздействии\n\n### Джаз\n- Сложные прогрессии с множественными заменами\n- ii - V - I как строительные блоки\n- Широкое использование расширений\n\n### Классическая\n- Принципы функциональной гармонии\n- Сильное использование V - I разрешения\n- Модуляции между тональностями\n\n## Построение вашего словаря\n\nНачните с этих прогрессий и постепенно добавляйте более сложные:\n1. Сначала овладейте основами\n2. Научитесь распознавать их на слух\n3. Практикуйтесь в разных тональностях\n4. Экспериментируйте с вариациями\n5. Применяйте к собственным композициям\n\nПомните, аккордовые прогрессии — это инструменты для выражения. Используйте их творчески, чтобы рассказать свою музыкальную историю!"
      },
      "de": {
        "title": "Wesentliche Akkordfolgen, die jeder Musiker kennen sollte",
        "excerpt": "Meistern Sie die wichtigsten Akkordfolgen, die in populärer Musik und Jazz verwendet werden.",
        "category": "Theorie",
        "body": "# Wesentliche Akkordfolgen, die jeder Musiker kennen sollte\n\nAkkordfolgen sind das Rückgrat der meisten Musik. Das Verständnis gängiger Folgen hilft Ihnen beim Spielen, Komponieren und Improvisieren mit Vertrauen.\n\n## Was sind Akkordfolgen?\n\nEine Akkordfolge ist eine Reihe von Akkorden, die nacheinander gespielt werden. Sie schaffen die harmonische Grundlage eines Songs und folgen oft etablierten Mustern.\n\n## Römische Ziffern-Analyse\n\nWir verwenden römische Ziffern zur Analyse von Akkordfolgen:\n- I = Tonika (Heimatakkord)\n- ii = Supertonika\n- iii = Mediante\n- IV = Subdominante\n- V = Dominante\n- vi = Submediante\n- vii° = Leitton\n\n## Wesentliche Folgen\n\n### 1. I - V - vi - IV (Die \"Pop-Folge\")\nDies ist vielleicht die häufigste Folge in populärer Musik:\n- C - G - Am - F (in C-Dur)\n- In unzähligen Hits verwendet\n- Schafft eine befriedigende emotionale Reise\n\n### 2. ii - V - I (Jazz-Standard)\nDas Fundament der Jazz-Harmonie:\n- Dm - G - C (in C-Dur)\n- Schafft starke Auflösung\n- Umfangreich in Jazz und klassischer Musik verwendet\n\n### 3. I - vi - IV - V (50er-Jahre-Folge)\nKlassischer Doo-Wop-Sound:\n- C - Am - F - G (in C-Dur)\n- Nostalgisch und erhebend\n- In vielen 1950er-Songs verwendet\n\n### 4. vi - IV - I - V (Moll-Gefühl)\nSchafft einen emotionaleren Sound:\n- Am - F - C - G (in C-Dur)\n- Häufig in Balladen und emotionalen Songs\n\n## Übungstipps\n\n1. **In mehreren Tonarten lernen**: Üben Sie jede Folge in verschiedenen Tonarten\n2. **Metronom verwenden**: Konsistentes Timing entwickeln\n3. **Mit Voicings experimentieren**: Verschiedene Akkordumkehrungen ausprobieren\n4. **Aktiv zuhören**: Folgen in Ihren Lieblingssongs identifizieren\n5. **Improvisieren**: Folgen als Grundlage für Improvisation nutzen\n\n## Häufige Variationen\n\n### Substitutionen\n- V durch V7 ersetzen für stärkere Auflösung\n- ii statt IV für sanftere Stimmführung verwenden\n- Septimen hinzufügen für jazzigere Sounds\n\n### Erweiterungen\n- Nonen, Undezimen und Tredezimen für reichere Harmonie hinzufügen\n- Sus-Akkorde für moderne Sounds verwenden\n- Mit alterierten Dominanten experimentieren\n\n## Anwendung in verschiedenen Genres\n\n### Pop-Musik\n- Starke Verwendung von I - V - vi - IV\n- Einfache, einprägsame Folgen\n- Fokus auf emotionaler Wirkung\n\n### Jazz\n- Komplexe Folgen mit vielen Substitutionen\n- ii - V - I als Bausteine\n- Umfangreiche Verwendung von Erweiterungen\n\n### Klassik\n- Funktionsharmonie-Prinzipien\n- Starke Verwendung von V - I Auflösung\n- Modulationen zwischen Tonarten\n\n## Ihr Vokabular aufbauen\n\nBeginnen Sie mit diesen Folgen und fügen Sie allmählich komplexere hinzu:\n1. Grundlagen zuerst meistern\n2. Lernen, sie nach Gehör zu erkennen\n3. In verschiedenen Tonarten üben\n4. Mit Variationen experimentieren\n5. Auf eigene Kompositionen anwenden\n\nDenken Sie daran, Akkordfolgen sind Werkzeuge für Ausdruck. Verwenden Sie sie kreativ, um Ihre musikalische Geschichte zu erzählen!"
      }
    }
  }
]
